 
INSERT INTO CLASSROOMS VALUES (111,1,'A');
INSERT INTO CLASSROOMS VALUES (222,2,'B');
INSERT INTO CLASSROOMS VALUES (333,3,'C');
INSERT INTO CLASSROOMS VALUES (444,4,'D'); 

INSERT INTO TEACHERS VALUES (220221111,'moatasem','moa@hotmail.com','2002-01-09','0599884587','it');
INSERT INTO TEACHERS VALUES (220221112,'montaser','mont@hotmail.com','2001-01-02','059985487','eng');
INSERT INTO TEACHERS VALUES (220221113,'ahmed','ahe@hotmail.com','2002-01-09','0659865320','ai');
INSERT INTO TEACHERS VALUES (220221114,'nael','na@hotmail.com','2005-01-09','0599884587','it');


INSERT INTO STUDENTS VALUES (120200000,'Ahmed Mansour','ah@hotmail.com','2011-01-03','gaza');
INSERT INTO STUDENTS VALUES (120200001,  'Mohamed Mahmoud','mm@hotmail.com','2005-01-04','gaza'); 
INSERT INTO STUDENTS VALUES (120200002,'Hassan Hussein', 'hh@hotmail.com','2006-01-09','gaza');
INSERT INTO STUDENTS VALUES (120200003,'nael Mansour','nm@hotmail.com','2009-01-03','gaza');
INSERT INTO STUDENTS VALUES (120200004,'jood Moatasem','jm@hotmail.com','2011-01-09','gaza');
INSERT INTO STUDENTS VALUES (120200005,'islam sobhi','is@hotmail.com','2003-01-03','gaza');
INSERT INTO STUDENTS VALUES (120200006,'Maher Zain','mz@hotmail.com','2002-01-07','gaza');
INSERT INTO STUDENTS VALUES (120200007,'Mahmoud Mohammed',',m@hotmail.com','2010-01-03','gaza');

INSERT INTO ENROLLMENT VALUES (120200000,111,'2022-01-09');
INSERT INTO ENROLLMENT VALUES (120200001,222,'2021-01-12');
INSERT INTO ENROLLMENT VALUES (120200002,333,'2023-01-11');
INSERT INTO ENROLLMENT VALUES (120200003,444,'2027-01-07');

INSERT INTO ENROLLMENT VALUES (120200004,444,'2001-01-08');
INSERT INTO ENROLLMENT VALUES (120200005,222,'2009-01-12');
INSERT INTO ENROLLMENT VALUES (120200006,111,'2021-01-01');
INSERT INTO ENROLLMENT VALUES (120200007,444,'2010-01-04');

INSERT INTO COURSES VALUES ('db', 'database','database database');
INSERT INTO COURSES VALUES ('math', 'MATH','MATH MATH MATH');
INSERT INTO COURSES VALUES ('ISSE', 'ISSE','ISSE ISSE ISSE');
INSERT INTO COURSES VALUES ('ETEC', 'ETEC','ETEC ETEC ETEC ');

INSERT INTO MARKS VALUES (120200000,'db',99,'2011-01-08');
INSERT INTO MARKS VALUES (120200000,'ISSE',79,'2021-01-02');
INSERT INTO MARKS VALUES (120200001,'db',60,'2023-01-01');
INSERT INTO MARKS VALUES (120200003,'math',88,'2012-01-05');
INSERT INTO MARKS VALUES (120200003,'ISSE',91,'2012-01-05');
INSERT INTO MARKS VALUES (120200003,'ETEC',95,'2012-01-05');
INSERT INTO MARKS VALUES (120200003,'db',96,'2010-01-09');
INSERT INTO MARKS VALUES (120200002,'math',97,'12-01-05');
INSERT INTO MARKS VALUES (120200002,'ISSE',98,'2012-01-05');
INSERT INTO MARKS VALUES (120200002,'ETEC',98,'2012-01-05');
INSERT INTO MARKS VALUES (120200002,'db',92,'2012-01-05');



INSERT INTO COURSE_TEACHER VALUES (100,220221111,'db');
INSERT INTO COURSE_TEACHER VALUES (101,220221111,'ETEC');
INSERT INTO COURSE_TEACHER VALUES (102,220221114,'db');
INSERT INTO COURSE_TEACHER VALUES (103,220221111,'db');

INSERT INTO STUDY_SCHEDULE VALUES (111, 100 ,'Saturday','10:00:00','12:00:00');
INSERT INTO STUDY_SCHEDULE VALUES (111, 101 ,'Saturday','1:00:00','01:00:00');
INSERT INTO STUDY_SCHEDULE VALUES (111, 102 ,'Saturday','10:00:00','12:00:00');
INSERT INTO STUDY_SCHEDULE VALUES (222, 100 ,'Saturday','10:30:00','12:30:00');
INSERT INTO STUDY_SCHEDULE VALUES (333, 100 ,'Saturday','10:00:00','12:00:00');
INSERT INTO STUDY_SCHEDULE VALUES (444, 100 ,'Saturday','10:00:00','12:00:00');
INSERT INTO STUDY_SCHEDULE VALUES (111, 103 ,'Saturday','01:00:00','07:00:00');
